"x","y","forest","agri","water","built","other","grass"
313273.411807,2795366.126422,0.252614199229499,0.340121078701156,0.119060722803155,0.202715098147129,0.0203632361034673,0.0651256650155935
313273.411807,2794866.126422,0.268864468864469,0.262820512820513,0,0.00402930402930403,0.01996336996337,0.444322344322344
313273.411807,2794366.126422,0.275628094626811,0.602604071153493,0,0.0104529616724739,0.00880249403997799,0.102512378507244
313773.411807,2794366.126422,0.186182884368701,0.111599780098955,0.115264797507788,0.311892981491662,0.0304196444933113,0.244639912039582
313273.411807,2793866.126422,0.408247019738128,0.314051201876099,0,0.000781708032050029,0.00586281024037522,0.271057260113348
313773.411807,2793866.126422,0.245319812792512,0.108814352574103,0.0739079563182527,0.136115444617785,0.015015600624025,0.420826833073323
