"x","y","forest","agri","water","built","other","grass"
172273.411807,2516866.126422,0.0786596119929453,0.108994708994709,0,0.0998236331569665,0.142504409171076,0.570017636684303
172773.411807,2516866.126422,0.0774111675126904,0.159052453468697,0,0.156937394247039,0.13155668358714,0.475042301184433
172273.411807,2516366.126422,0.0467804072647221,0.0374243258117777,0.28104934874335,0.172812328013209,0.077600440286186,0.384333149880756
172773.411807,2516366.126422,0.0617446715007691,0.277960887716985,0,0.214897824653922,0.0795429575917381,0.365853658536585
172773.411807,2515866.126422,0.178241758241758,0.0369230769230769,0,0.246593406593407,0.163296703296703,0.374945054945055
172773.411807,2515366.126422,0.0338535941965267,0.0153879973620576,0.0098922840184656,0.778412837986371,0.126181578368872,0.0362717080677072
172773.411807,2514866.126422,0.018018018018018,0.00878927708196001,0.479235332893869,0.419028784882443,0.0654801142606021,0.00944847286310701
