"x","y","forest","agri","water","built","other","grass"
351273.411807,2767366.126422,0.0465457210921752,0.0408649441084845,0.00623052959501558,0.12222833058457,0.104819497892615,0.679310976727139
351273.411807,2766866.126422,0.360622710622711,0.0353479853479853,0.0172161172161172,0.106776556776557,0.0998168498168498,0.38021978021978
