"x","y","forest","agri","water","built","other","grass"
339273.411807,2721866.126422,0.0851648351648352,0.089010989010989,0.032967032967033,0.100915750915751,0.0697802197802198,0.622161172161172
338773.411807,2719866.126422,0.00116776956014013,0.0118723238614247,0.891981315687038,0.0788244453094589,0.00467107824056053,0.011483067341378
