"x","y","forest","agri","water","built","other","grass"
313773.411807,2654866.126422,0.231554160125589,0.0633830455259027,0.000588697017268446,0.235478806907378,0.127158555729984,0.341836734693878
314273.411807,2654866.126422,0.102220590934116,0.114332905120206,0.044411818682327,0.549825656083685,0.0752431638832813,0.113965865296385
313773.411807,2654366.126422,0.117497057669674,0.0808160062769714,0.00392310710082385,0.58061985092193,0.112004707728521,0.105139270302079
314273.411807,2654366.126422,0.0823853211009174,0.081651376146789,0.00715596330275229,0.586788990825688,0.131926605504587,0.110091743119266
313773.411807,2653866.126422,0.257703631010795,0.0796859666339549,0.00628066732090285,0.273209028459274,0.125613346418057,0.257507360157017
314273.411807,2653866.126422,0.151465201465201,0.1003663003663,0.132783882783883,0.349450549450549,0.0652014652014652,0.200732600732601
313773.411807,2653366.126422,0.0759419152276295,0.0294348508634223,0.210949764521193,0.572213500784929,0.0478806907378336,0.0635792778649922
313773.411807,2652366.126422,0,0.0145240431795878,0.620019627085378,0.240235525024534,0.0111874386653582,0.114033366045142
