"x","y","forest","agri","water","built","other","grass"
198773.411807,2684866.126422,0.00880895577170123,0.071389245733162,0.445769866030464,0.253440998348321,0.0227564690768948,0.197834465039457
198773.411807,2684366.126422,0.00605504587155963,0.133761467889908,0.0212844036697248,0.298532110091743,0.15394495412844,0.386422018348624
198273.411807,2683866.126422,0.0267693436010268,0.055005500550055,0.481298129812981,0.206087275394206,0.0353868720205354,0.195452878621195
198773.411807,2683866.126422,0.0261904761904762,0.247435897435897,0.00146520146520147,0.363553113553114,0.0778388278388278,0.283516483516484
198773.411807,2683366.126422,0.0328500642319692,0.211047898697009,0.0144980730409249,0.590750596439714,0.0343182235272527,0.116535144063131
198273.411807,2682866.126422,0,0.111555911395783,0.268748331998932,0.469709100613824,0.0573792367227115,0.0926074192687483
198773.411807,2682866.126422,0.0189839572192513,0.485026737967914,0.0572192513368984,0.41096256684492,0.00347593582887701,0.024331550802139
