"x","y","forest","agri","water","built","other","grass"
313773.411807,2654866.126422,0.205847723704867,0.0243328100470958,0.0331632653061225,0.31043956043956,0.100274725274725,0.325941915227629
314273.411807,2654866.126422,0.071389245733162,0.0284455863461186,0.222793173059277,0.440631308496972,0.100568911726922,0.136171774637548
313773.411807,2654366.126422,0.0770890545311887,0.0288348371910553,0.0867006669282071,0.586308356218125,0.122597096900745,0.0984699882306787
314273.411807,2654366.126422,0.044954128440367,0.0326605504587156,0.157247706422018,0.558715596330275,0.119082568807339,0.0873394495412844
313773.411807,2653866.126422,0.206673209028459,0.0107948969578018,0.0410206084396467,0.388812561334642,0.163886162904809,0.188812561334642
314273.411807,2653866.126422,0.115018315018315,0.0115384615384615,0.275091575091575,0.328937728937729,0.10970695970696,0.15970695970696
313773.411807,2653366.126422,0.0724097331240188,0.0064756671899529,0.365973312401884,0.464874411302983,0.0412087912087912,0.0490580847723705
313773.411807,2652366.126422,0,0.0894995093228656,0.756231599607458,0.0971540726202159,0.00490677134445535,0.0522080471050049
