"x","y","forest","agri","water","built","other","grass"
172273.411807,2516866.126422,0.0860670194003527,0.171075837742504,0,0.110405643738977,0.0888888888888889,0.543562610229277
172773.411807,2516866.126422,0.0638747884940778,0.155668358714044,0.00888324873096447,0.181895093062606,0.138747884940778,0.45093062605753
172273.411807,2516366.126422,0.0416437350944781,0.071179600073381,0.331682260135755,0.216290588882774,0.100715465052284,0.238488350761328
172773.411807,2516366.126422,0.0511975390024171,0.259723137771918,0.014941771039332,0.205669083717864,0.0852559876950121,0.383212480773456
172773.411807,2515866.126422,0.180879120879121,0.0771428571428571,0.00505494505494506,0.290769230769231,0.114065934065934,0.332087912087912
172773.411807,2515366.126422,0.0400087931413497,0.0323147944603209,0.135634205319851,0.681248626071664,0.0806770718839305,0.0301165091228842
172773.411807,2514866.126422,0.027466490881125,0.042188529993408,0.594374862667546,0.279938475060426,0.044385849263898,0.011645792133597
