"x","y","forest","agri","water","built","other","grass"
351273.411807,2767366.126422,0.0410481949789262,0.0273043796958036,0.0284038849184534,0.21183800623053,0.0852116547553601,0.606193879420927
351273.411807,2766866.126422,0.325091575091575,0.0124542124542125,0.0360805860805861,0.207326007326007,0.0611721611721612,0.357875457875458
