"x","y","forest","agri","water","built","other","grass"
339273.411807,2721866.126422,0.0822344322344322,0.0868131868131868,0.0487179487179487,0.142124542124542,0.0512820512820513,0.588827838827839
338773.411807,2719866.126422,0,0.00491738788355625,0.906766325727773,0.0818253343823761,0.003147128245476,0.00334382376081825
