"x","y","forest","agri","water","built","other","grass"
313273.411807,2795366.126422,0.239038708493854,0.0119244175380664,0.16400660429279,0.201247477527059,0.021830856723537,0.361951935424693
313273.411807,2794866.126422,0.262820512820513,0.0117216117216117,0,0.0230769230769231,0.0184981684981685,0.683882783882784
313273.411807,2794366.126422,0.272327159361819,0.0298918026774253,0,0.0187052998349532,0.0102695763799743,0.668806161745828
313773.411807,2794366.126422,0.176104086494411,0.00623052959501558,0.125893347993403,0.335349092908191,0.0262048744731537,0.330218068535826
313273.411807,2793866.126422,0.402775063513778,0.00312683212820012,0,0.00605823724838773,0.012311901504788,0.575727965604847
313773.411807,2793866.126422,0.241029641185647,0.00331513260530421,0.0955538221528861,0.139040561622465,0.0189157566302652,0.502145085803432
