"x","y","forest","agri","water","built","other","grass"
198773.411807,2684866.126422,0.00660671682877592,0.152872086621398,0.68049183336392,0.077995962561938,0.0350523031748945,0.0469810974490732
198773.411807,2684366.126422,0.00128440366972477,0.233577981651376,0.183669724770642,0.334678899082569,0.157981651376147,0.0888073394495413
198273.411807,2683866.126422,0.0352035203520352,0.198753208654199,0.532269893656032,0.172533920058673,0.0163182984965163,0.0449211587825449
198773.411807,2683866.126422,0.021978021978022,0.1496336996337,0.00183150183150183,0.444688644688645,0.162637362637363,0.219230769230769
198773.411807,2683366.126422,0.0664342081115801,0.206826940723068,0.000367039823820885,0.424665076160763,0.259864195265186,0.0418425399155808
198273.411807,2682866.126422,0.000266880170803309,0.077662129703763,0.325860688550841,0.519615692554043,0.0579129970643181,0.0186816119562317
198773.411807,2682866.126422,0.022192513368984,0.16524064171123,0.0697860962566845,0.568181818181818,0.170320855614973,0.00427807486631016
