"x","y","forest","agri","water","built","other","grass"
313773.411807,2654866.126422,0.229003139717425,0.0102040816326531,0.000196232339089482,0.243524332810047,0.15541601255887,0.361656200941915
314273.411807,2654866.126422,0.084235639566893,0.0308313452009543,0.0205542301339695,0.590200036703982,0.151036887502294,0.123141860891907
313773.411807,2654366.126422,0.0872891329933307,0.0335425657120439,0.0027461749705767,0.582385249117301,0.189878383679874,0.104158493526873
314273.411807,2654366.126422,0.0638532110091743,0.033394495412844,0.00036697247706422,0.588807339449541,0.196146788990826,0.11743119266055
313773.411807,2653866.126422,0.232384690873405,0.0249263984298332,0.00726202158979392,0.265750736015702,0.218056918547596,0.25161923454367
314273.411807,2653866.126422,0.137912087912088,0.0217948717948718,0.0798534798534798,0.413553113553114,0.127838827838828,0.219047619047619
313773.411807,2653366.126422,0.0739795918367347,0.00353218210361068,0.0437598116169545,0.752158555729984,0.0631868131868132,0.0633830455259027
313773.411807,2652366.126422,0,0.0370951913640824,0.603925417075564,0.254170755642787,0.0111874386653582,0.093621197252208
