"x","y","forest","agri","water","built","other","grass"
339273.411807,2721866.126422,0.0824175824175824,0.0606227106227106,0.0307692307692308,0.106043956043956,0.0816849816849817,0.638461538461538
338773.411807,2719866.126422,0.000983477576711251,0.0108182533438238,0.889063729346971,0.0810385523210071,0.00708103855232101,0.011014948859166
