"x","y","forest","agri","water","built","other","grass"
172273.411807,2516866.126422,0.0751322751322751,0.0790123456790123,0,0.106878306878307,0.132275132275132,0.606701940035273
172773.411807,2516866.126422,0.0304568527918782,0.0376480541455161,0,0.246192893401015,0.248730964467005,0.436971235194585
172273.411807,2516366.126422,0.0447624289121262,0.0581544670702623,0.276829939460649,0.165657677490369,0.0939277196844616,0.360667767382132
172773.411807,2516366.126422,0.028125686662272,0.111843550867941,0,0.249835201054713,0.117117117117117,0.493078444297956
172773.411807,2515866.126422,0.169230769230769,0.0327472527472528,0,0.246813186813187,0.18989010989011,0.361318681318681
172773.411807,2515366.126422,0.0147285117608266,0.0105517696196966,0.0098922840184656,0.79270169267971,0.146845460540778,0.0252802813805232
172773.411807,2514866.126422,0.00966820479015601,0.005053834322127,0.478795869039772,0.421445836079982,0.0786640298835421,0.00637222588442101
