"x","y","forest","agri","water","built","other","grass"
198773.411807,2684866.126422,0.00844191594788034,0.125711139658653,0.431822352725271,0.29473297852817,0.0212883097816113,0.118003303358414
198773.411807,2684366.126422,0.0018348623853211,0.10954128440367,0.00990825688073394,0.405688073394495,0.19302752293578,0.28
198273.411807,2683866.126422,0.024019068573524,0.044004400440044,0.46974697469747,0.236523652365237,0.0524385771910524,0.173267326732673
198773.411807,2683866.126422,0.0210622710622711,0.102564102564103,0.000183150183150183,0.427106227106227,0.191758241758242,0.257326007326007
198773.411807,2683366.126422,0.0240411084602679,0.131033217104056,0.00256927876674619,0.654799045696458,0.10387227014131,0.0836850798311617
198273.411807,2682866.126422,0,0.0795302908993862,0.276754737123032,0.513477448625567,0.111555911395783,0.0186816119562317
198773.411807,2682866.126422,0.000267379679144385,0.125401069518717,0.0558823529411765,0.455080213903743,0.205882352941176,0.157486631016043
