"x","y","forest","agri","water","built","other","grass"
351273.411807,2767366.126422,0.0439802089059923,0.0089792926516401,0.00696353307678211,0.142569177203592,0.118929814916621,0.678577973245373
351273.411807,2766866.126422,0.32967032967033,0.0124542124542125,0.015018315018315,0.147802197802198,0.117582417582418,0.377472527472527
