"x","y","forest","agri","water","built","other","grass"
313273.411807,2795366.126422,0.249862410566868,0.00898917629792699,0.0664098330581545,0.239772518803889,0.0495321959273528,0.385433865345808
313273.411807,2794866.126422,0.267765567765568,0.00146520146520147,0,0.00128205128205128,0.0241758241758242,0.705311355311355
313273.411807,2794366.126422,0.274344397579314,0.00183385292499542,0,0.00568494406748579,0.0177883733724555,0.700348432055749
313773.411807,2794366.126422,0.185633131757376,0.015026571376214,0.0577240241891149,0.328385559831409,0.0674363203225215,0.345794392523364
313273.411807,2793866.126422,0.409810435802228,0.000195427008012507,0,0,0.00449482118428767,0.585499316005472
313773.411807,2793866.126422,0.2451248049922,0.0105304212168487,0.0329563182527301,0.161076443057722,0.0300312012480499,0.520280811232449
