"x","y","forest","agri","water","built","other","grass"
339273.411807,2721866.126422,0.0816849816849817,0.263003663003663,0.030952380952381,0.165384615384615,0.0181318681318681,0.440842490842491
338773.411807,2719866.126422,0.00019669551534225,0.027537372147915,0.866443745082612,0.0993312352478364,0.00255704169944925,0.003933910306845
