"x","y","forest","agri","water","built","other","grass"
313273.411807,2795366.126422,0.248761695101816,0.0100898917629793,0.141808842414236,0.167492203265456,0.0511832691249312,0.380664098330582
313273.411807,2794866.126422,0.271611721611722,0.00641025641025641,0,0.0032967032967033,0.0135531135531136,0.705128205128205
313273.411807,2794366.126422,0.273977626994315,0.0209059233449477,0,0.013203741059967,0.00953603520997616,0.682376673390794
313773.411807,2794366.126422,0.183800623052959,0.0183250870441635,0.138537658053876,0.262415246472421,0.0500274876305662,0.346893897746014
313273.411807,2793866.126422,0.410982997850303,0.000586281024037522,0,0.000195427008012507,0.00175884307211257,0.586476451045534
313773.411807,2793866.126422,0.246879875195008,0.0167706708268331,0.0908736349453978,0.103744149765991,0.0140405616224649,0.527691107644306
