"x","y","forest","agri","water","built","other","grass"
172273.411807,2516866.126422,0.0839506172839506,0.488888888888889,0,0.146384479717813,0.0737213403880071,0.20705467372134
172773.411807,2516866.126422,0.0461082910321489,0.204314720812183,0,0.244077834179357,0.121404399323181,0.38409475465313
172273.411807,2516366.126422,0.0482480278847918,0.243258117776555,0.257567418822234,0.173729590900752,0.0605393505778756,0.216657494037791
172773.411807,2516366.126422,0.045704240826192,0.254669303449791,0,0.270050538343221,0.0883322346736981,0.341243682707097
172773.411807,2515866.126422,0.196483516483516,0.20021978021978,0.00043956043956044,0.307252747252747,0.0936263736263736,0.201978021978022
172773.411807,2515366.126422,0.0428665640800176,0.0586942185095625,0.0138491976258518,0.788085293471093,0.0672675313255661,0.0292371949879094
172773.411807,2514866.126422,0.023291584267194,0.0586684245220831,0.493517908152054,0.368050977807075,0.040650406504065,0.015820698747528
