"x","y","forest","agri","water","built","other","grass"
198773.411807,2684866.126422,0.00183519911910442,0.216186456230501,0.56854468709855,0.210313819049367,0.0012846393833731,0.00183519911910442
198773.411807,2684366.126422,0.00678899082568807,0.624954128440367,0.078348623853211,0.250091743119266,0.0218348623853211,0.0179816513761468
198273.411807,2683866.126422,0.0117345067840117,0.0979097909790979,0.576824349101577,0.282728272827283,0.0146681334800147,0.0161349468280161
198773.411807,2683866.126422,0.0137362637362637,0.273992673992674,0.0212454212454212,0.648717948717949,0.0212454212454212,0.0210622710622711
198773.411807,2683366.126422,0.0321159845843274,0.363002385758855,0.0139475133051936,0.494586162598642,0.0282620664342081,0.0680858873187741
198273.411807,2682866.126422,0,0.257005604483587,0.319455564451561,0.40725914064585,0.00667200427008273,0.00960768614891913
198773.411807,2682866.126422,0.0053475935828877,0.434224598930481,0.0577540106951872,0.46283422459893,0.018716577540107,0.0211229946524064
