"x","y","forest","agri","water","built","other","grass"
313773.411807,2654866.126422,0.220957613814757,0.0182496075353218,0.000588697017268446,0.293563579277865,0.104591836734694,0.362048665620094
314273.411807,2654866.126422,0.0768948430904753,0.0273444668746559,0.0506514956872821,0.627821618645623,0.106992108643788,0.110295467058176
313773.411807,2654366.126422,0.0817967830521773,0.0355041192624559,0.0141231855629659,0.635543350333464,0.135151039623382,0.0978815221655551
314273.411807,2654366.126422,0.0655045871559633,0.0277064220183486,0.0179816513761468,0.640917431192661,0.123119266055046,0.124770642201835
313773.411807,2653866.126422,0.235721295387635,0.0249263984298332,0.00961727183513248,0.333464180569185,0.164474975466143,0.231795878312071
314273.411807,2653866.126422,0.142673992673993,0.0208791208791209,0.0802197802197802,0.443406593406593,0.103479853479853,0.209340659340659
313773.411807,2653366.126422,0.0747645211930926,0.00255102040816327,0.113029827315542,0.701334379905808,0.0478806907378336,0.0604395604395604
313773.411807,2652366.126422,0,0.00294406280667321,0.634347399411187,0.229440628066732,0.0217860647693817,0.111481844946026
