"x","y","forest","agri","water","built","other","grass"
351273.411807,2767366.126422,0.0458127176104087,0.0137438152831226,0.00879604178119846,0.126076598863845,0.135055891515485,0.670514934945941
351273.411807,2766866.126422,0.358058608058608,0.0313186813186813,0.0296703296703297,0.0408424908424908,0.155494505494505,0.384615384615385
