"x","y","forest","agri","water","built","other","grass"
172273.411807,2516866.126422,0.0814814814814815,0.152733686067019,0,0.0850088183421517,0.108641975308642,0.572134038800705
172773.411807,2516866.126422,0.0676818950930626,0.116328257191201,0,0.15989847715736,0.148054145516074,0.508037225042301
172273.411807,2516366.126422,0.0436617134470739,0.0588882773802972,0.285635663181068,0.164190056870299,0.0798018712162906,0.367822417904972
172773.411807,2516366.126422,0.0558119094704461,0.244781366732586,0,0.219512195121951,0.0922874093605801,0.387607119314436
172773.411807,2515866.126422,0.17956043956044,0.0426373626373626,0,0.276703296703297,0.151208791208791,0.34989010989011
172773.411807,2515366.126422,0.0244009672455485,0.0145086832270829,0.00967245548472192,0.782369751593757,0.128379863706309,0.0406682787425808
172773.411807,2514866.126422,0.011865524060646,0.00944847286310701,0.480993188310261,0.424741814985717,0.0626235992089651,0.010327400571303
