"x","y","forest","agri","water","built","other","grass"
351273.411807,2767366.126422,0.0478284771852666,0.111416529228514,0.0130108118013561,0.150632215503024,0.0546087593916071,0.622503206890233
351273.411807,2766866.126422,0.357142857142857,0.0413919413919414,0.0183150183150183,0.135531135531136,0.071978021978022,0.375641025641026
