"x","y","forest","agri","water","built","other","grass"
313773.411807,2654866.126422,0.224882260596546,0.0902668759811617,0.00843799058084772,0.278061224489796,0.118328100470958,0.280023547880691
314273.411807,2654866.126422,0.0893741971003854,0.0534042943659387,0.100568911726922,0.526702147182969,0.0866213984217288,0.143329051202055
313773.411807,2654366.126422,0.0992546096508435,0.0745390349156532,0.0411926245586504,0.589839152608866,0.12004707728521,0.0751275009807768
314273.411807,2654366.126422,0.0708256880733945,0.0486238532110092,0.053394495412844,0.595963302752294,0.131559633027523,0.0996330275229358
313773.411807,2653866.126422,0.23846908734053,0.0747791952894995,0.0178606476938175,0.341903827281649,0.151128557409225,0.17585868498528
314273.411807,2653866.126422,0.143040293040293,0.0580586080586081,0.241941391941392,0.282967032967033,0.0943223443223443,0.17967032967033
313773.411807,2653366.126422,0.0743720565149137,0.0153061224489796,0.326923076923077,0.483712715855573,0.0498430141287284,0.0498430141287284
313773.411807,2652366.126422,0,0.0237487733071639,0.724828263002944,0.140333660451423,0.0113837095191364,0.0997055937193327
