"x","y","forest","agri","water","built","other","grass"
313273.411807,2795366.126422,0.254081819849569,0.407448174646854,0.130251330031187,0.20821867547239,0,0
313273.411807,2794866.126422,0.274175824175824,0.717765567765568,0,0.00787545787545788,0.000183150183150183,0
313273.411807,2794366.126422,0.276361635796809,0.708784155510728,0,0.0104529616724739,0.00366770584999083,0.000733541169998166
313773.411807,2794366.126422,0.196261682242991,0.36888400219901,0.123877588418545,0.310426974528129,0.000366501740883269,0.000183250870441635
313273.411807,2793866.126422,0.41156927887434,0.586085597029509,0,0.00117256204807504,0.000390854016025015,0.000781708032050029
313773.411807,2793866.126422,0.244929797191888,0.510335413416537,0.0512870514820593,0.165171606864275,0.00799531981279251,0.0202808112324493
