"x","y","forest","agri","water","built","other","grass"
198773.411807,2684866.126422,0.00880895577170123,0.111396586529638,0.554964213617178,0.147550009175996,0.019086070838686,0.158194164066801
198773.411807,2684366.126422,0.00220183486238532,0.182752293577982,0.0875229357798165,0.35302752293578,0.114495412844037,0.26
198273.411807,2683866.126422,0.0242024202420242,0.135680234690136,0.552621928859553,0.172900623395673,0.0291529152915292,0.0854418775210854
198773.411807,2683866.126422,0.0230769230769231,0.195787545787546,0.00842490842490842,0.493406593406593,0.114102564102564,0.165201465201465
198773.411807,2683366.126422,0.026977427050835,0.154156726004772,0.0578087722517893,0.588548357496788,0.0864378785098183,0.0860708386859974
198273.411807,2682866.126422,0,0.0773952495329597,0.346143581531892,0.504136642647451,0.0419001868161196,0.0304243394715773
198773.411807,2682866.126422,0.00106951871657754,0.106951871657754,0.0598930481283422,0.492245989304813,0.284224598930481,0.0556149732620321
