"x","y","forest","agri","water","built","other","grass"
339273.411807,2721866.126422,0.0838827838827839,0.0895604395604396,0.028021978021978,0.117948717948718,0.0644688644688645,0.616117216117216
338773.411807,2719866.126422,0.002360346184107,0.014948859166011,0.86014948859166,0.11191974822974,0.00019669551534225,0.0104248623131393
