"x","y","forest","agri","water","built","other","grass"
313773.411807,2654866.126422,0.217817896389325,0.00961538461538462,0,0.243328100470958,0.179945054945055,0.349293563579278
314273.411807,2654866.126422,0.0767113231785649,0.0165167920719398,0.00367039823820885,0.656450724903652,0.131767296751698,0.114883464855937
313773.411807,2654366.126422,0.0735582581404472,0.0209886229894076,0.00078462142016477,0.610043154178109,0.195959199686151,0.0986661435857199
314273.411807,2654366.126422,0.0636697247706422,0.0330275229357798,0.00128440366972477,0.620733944954128,0.165137614678899,0.116146788990826
313773.411807,2653866.126422,0.21648675171737,0.0196270853778214,0.0070657507360157,0.297546614327772,0.235721295387635,0.223552502453386
314273.411807,2653866.126422,0.136263736263736,0.0236263736263736,0.0706959706959707,0.423992673992674,0.135531135531136,0.20989010989011
313773.411807,2653366.126422,0.0751569858712716,0.00392464678178964,0.0417974882260597,0.769230769230769,0.0500392464678179,0.059850863422292
313773.411807,2652366.126422,0,0.00157016683022571,0.618253189401374,0.237095191364082,0.0225711481844946,0.120510304219823
