"x","y","forest","agri","water","built","other","grass"
172273.411807,2516866.126422,0.072310405643739,0.0388007054673721,0,0.108994708994709,0.119929453262787,0.659964726631393
172773.411807,2516866.126422,0.0423011844331641,0.02834179357022,0,0.195431472081218,0.145093062605753,0.588832487309645
172273.411807,2516366.126422,0.0469638598422308,0.0719134103834159,0.245276096129151,0.113557145477894,0.0871399743166392,0.43514951385067
172773.411807,2516366.126422,0.043506921555702,0.0894308943089431,0,0.206108547571962,0.139749505603164,0.521204130960229
172773.411807,2515866.126422,0.196263736263736,0.0373626373626374,0,0.211428571428571,0.158241758241758,0.396703296703297
172773.411807,2515366.126422,0.0364915366014509,0.0195647395031875,0.00901296988349088,0.680589140470433,0.208397449989009,0.0459441635524291
172773.411807,2514866.126422,0.021533728850802,0.021533728850802,0.476159085915183,0.346297517029224,0.100417490661393,0.034058448692595
