"x","y","forest","agri","water","built","other","grass"
351273.411807,2767366.126422,0.0465457210921752,0.0399486897562763,0.00623052959501558,0.0791643760307861,0.137987905442551,0.690122778083196
351273.411807,2766866.126422,0.381684981684982,0.0531135531135531,0.017032967032967,0.0179487179487179,0.140842490842491,0.389377289377289
