"x","y","forest","agri","water","built","other","grass"
198773.411807,2684866.126422,0.00110111947146265,0.102587630757937,0.438062029730226,0.364287025142228,0.0225729491649844,0.071389245733162
198773.411807,2684366.126422,0.0055045871559633,0.511559633027523,0.0106422018348624,0.320550458715596,0.0667889908256881,0.084954128440367
198273.411807,2683866.126422,0.0141180784745141,0.102860286028603,0.510817748441511,0.332049871653832,0.017968463513018,0.0221855518885222
198773.411807,2683866.126422,0.0192307692307692,0.331684981684982,0.00128205128205128,0.518864468864469,0.0582417582417582,0.0706959706959707
198773.411807,2683366.126422,0.0317489447605065,0.31932464672417,0.0012846393833731,0.471646173609837,0.0765278032666544,0.0994677922554597
198273.411807,2682866.126422,0,0.196690685882039,0.228983186549239,0.420603149186015,0.0536429143314652,0.100080064051241
198773.411807,2682866.126422,0.0125668449197861,0.211497326203209,0.0553475935828877,0.377272727272727,0.0703208556149733,0.272994652406417
