"x","y","forest","agri","water","built","other","grass"
339273.411807,2721866.126422,0.0827838827838828,0.0659340659340659,0.0371794871794872,0.124358974358974,0.0637362637362637,0.626007326007326
338773.411807,2719866.126422,0.000983477576711251,0.014948859166011,0.895554681353265,0.0717938630999213,0.003933910306845,0.0127852084972463
