"x","y","forest","agri","water","built","other","grass"
313273.411807,2795366.126422,0.251696936341956,0.0783342505962209,0.132819666116309,0.173179233168226,0.0363236103467254,0.327646303430563
313273.411807,2794866.126422,0.269413919413919,0.288095238095238,0,0.0010989010989011,0.0184981684981685,0.422893772893773
313273.411807,2794366.126422,0.274527782871814,0.0489638730973776,0,0.00366770584999083,0.0192554557124519,0.653585182468366
313773.411807,2794366.126422,0.182334616089426,0.00824628916987356,0.128642111050027,0.279824079164376,0.0492944841487997,0.351658420377497
313273.411807,2793866.126422,0.410396716826265,0.000390854016025015,0,0,0.00293140512018761,0.586281024037522
313773.411807,2793866.126422,0.2451248049922,0.00292511700468019,0.0836583463338534,0.114664586583463,0.0261310452418097,0.527496099843994
