"x","y","forest","agri","water","built","other","grass"
313773.411807,2654866.126422,0.198390894819466,0.0131475667189953,0,0.331240188383046,0.15168759811617,0.305533751962323
314273.411807,2654866.126422,0.0724903652046247,0.015782712424298,0.0288126261699394,0.619930262433474,0.115066984767847,0.147917048999816
313773.411807,2654366.126422,0.0731659474303648,0.0131424087877599,0.00235386426049431,0.660847391133778,0.157708905453119,0.0927814829344841
314273.411807,2654366.126422,0.0475229357798165,0.0179816513761468,0.00587155963302752,0.703119266055046,0.145137614678899,0.0803669724770642
313773.411807,2653866.126422,0.193523061825319,0.0104023552502453,0.00785083415112856,0.425907752698724,0.181943081452404,0.180372914622179
314273.411807,2653866.126422,0.121062271062271,0.00897435897435897,0.115934065934066,0.468681318681319,0.132967032967033,0.152380952380952
313773.411807,2653366.126422,0.0726059654631083,0.00451334379905808,0.135596546310832,0.694858712715856,0.043956043956044,0.048469387755102
313773.411807,2652366.126422,0,0.0292443572129539,0.603729146221786,0.252404317958783,0.0139352306182532,0.100686947988224
