"x","y","forest","agri","water","built","other","grass"
339273.411807,2721866.126422,0.0855311355311355,0.16996336996337,0.0357142857142857,0.125457875457875,0.0375457875457875,0.545787545787546
338773.411807,2719866.126422,0.00137686860739575,0.0186860739575138,0.890440597954367,0.0853658536585366,0.0003933910306845,0.00373721479150275
