"x","y","forest","agri","water","built","other","grass"
313273.411807,2795366.126422,0.239405613648872,0.017978352595854,0.11979453311319,0.230049532195927,0.0267840763162722,0.365987892129884
313273.411807,2794866.126422,0.265201465201465,0.0210622710622711,0,0.0122710622710623,0.01996336996337,0.681501831501832
313273.411807,2794366.126422,0.274161012286815,0.0313588850174216,0,0.00806895286997983,0.0137538969374656,0.672657252888318
313773.411807,2794366.126422,0.181784863478102,0.0227231079347627,0.0879604178119846,0.350375664284405,0.0267546270844787,0.330401319406267
313273.411807,2793866.126422,0.407465311706078,0.00371311315223764,0,0.00156341606410006,0.00762165331248779,0.579636505765097
313773.411807,2793866.126422,0.24317472698908,0.0175507020280811,0.0664976599063963,0.155421216848674,0.0146255850234009,0.502730109204368
