"x","y","forest","agri","water","built","other","grass"
198773.411807,2684866.126422,0.00880895577170123,0.278583226280051,0.606166269040191,0.0950633143696091,0.000367039823820885,0.0110111947146265
198773.411807,2684366.126422,0.00201834862385321,0.556880733944954,0.174311926605505,0.247706422018349,0.0119266055045872,0.00715596330275229
198273.411807,2683866.126422,0.0337367070040337,0.262376237623762,0.576824349101577,0.11954528786212,0.00476714338100477,0.00275027502750275
198773.411807,2683866.126422,0.0241758241758242,0.367948717948718,0.0327838827838828,0.543223443223443,0.0157509157509158,0.0161172161172161
198773.411807,2683366.126422,0.0280785465222977,0.295100018351991,0.0462470178014315,0.606716828775922,0.0122958340979996,0.0115617544503579
198273.411807,2682866.126422,0.000266880170803309,0.214304777155057,0.339471577261809,0.44195356285028,0.0029356818788364,0.00106752068321324
198773.411807,2682866.126422,0.00802139037433155,0.434491978609626,0.063903743315508,0.475935828877005,0.0128342245989305,0.00481283422459893
