"x","y","forest","agri","water","built","other","grass"
351273.411807,2767366.126422,0.0415979475902511,0.074216602528862,0.00806303829943192,0.258017225581821,0.0577240241891149,0.560381161810519
351273.411807,2766866.126422,0.320512820512821,0.00732600732600733,0.0188644688644689,0.233882783882784,0.0582417582417582,0.361172161172161
