"x","y","forest","agri","water","built","other","grass"
172273.411807,2516866.126422,0.0885361552028219,0.149206349206349,0,0.090299823633157,0.0850088183421517,0.58694885361552
172773.411807,2516866.126422,0.0579526226734349,0.113790186125212,0,0.192893401015228,0.14678510998308,0.488578680203046
172273.411807,2516366.126422,0.0410933773619519,0.112456430012842,0.297560080719134,0.201614382682077,0.0656760227481196,0.281599706475876
172773.411807,2516366.126422,0.0507580751483191,0.28345418589321,0,0.221050318611294,0.0764667106130521,0.368270709734124
172773.411807,2515866.126422,0.167032967032967,0.041978021978022,0,0.283076923076923,0.155604395604396,0.352307692307692
172773.411807,2515366.126422,0.02747856671796,0.0197845680369312,0.022642338975599,0.779072323587602,0.11409100901297,0.0369311936689382
172773.411807,2514866.126422,0.021533728850802,0.011645792133597,0.515710832784004,0.390463634366073,0.0542737859811031,0.00637222588442101
