"x","y","forest","agri","water","built","other","grass"
313273.411807,2795366.126422,0.24674371674922,0.00385250412768299,0.121445606310769,0.198679141441937,0.0436617134470739,0.385617317923317
313273.411807,2794866.126422,0.268315018315018,0.000732600732600733,0,0.00421245421245421,0.0157509157509158,0.710989010989011
313273.411807,2794366.126422,0.275261324041812,0.000916926462497708,0,0.00605171465248487,0.0133871263524665,0.704382908490739
313773.411807,2794366.126422,0.183617372182518,0.00439802089059923,0.11434854315558,0.299248671431189,0.0470954737035001,0.351291918636614
313273.411807,2793866.126422,0.410396716826265,0.000195427008012507,0,0.000977135040062537,0.00214969708813758,0.586281024037522
313773.411807,2793866.126422,0.245514820592824,0.00214508580343214,0.0733229329173167,0.131630265210608,0.0218408736349454,0.525546021840874
