"x","y","forest","agri","water","built","other","grass"
198773.411807,2684866.126422,0.000367039823820885,0.0884565975408332,0.447605065149569,0.374747660121123,0.02073775004588,0.0680858873187741
198773.411807,2684366.126422,0.00330275229357798,0.168807339449541,0.02,0.329174311926606,0.145504587155963,0.333211009174312
198273.411807,2683866.126422,0.00843417675100843,0.0669233590025669,0.488815548221489,0.37018701870187,0.0253025302530253,0.0403373670700403
198773.411807,2683866.126422,0.0137362637362637,0.0578754578754579,0.0021978021978022,0.648901098901099,0.0950549450549451,0.182234432234432
198773.411807,2683366.126422,0.0300972655533125,0.123325380803817,0,0.478252890438613,0.19930262433474,0.169021838869517
198273.411807,2682866.126422,0,0.0749933279957299,0.273819055244195,0.397918334667734,0.10888710968775,0.14438217240459
198773.411807,2682866.126422,0.00133689839572193,0.0847593582887701,0.0553475935828877,0.451069518716578,0.240909090909091,0.166577540106952
