"x","y","forest","agri","water","built","other","grass"
351273.411807,2767366.126422,0.0483782297965915,0.0280373831775701,0.00696353307678211,0.0963899578522998,0.128092358438703,0.692138537658054
351273.411807,2766866.126422,0.368681318681319,0.0311355311355311,0.0201465201465201,0.0437728937728938,0.14010989010989,0.396153846153846
