"x","y","forest","agri","water","built","other","grass"
339273.411807,2721866.126422,0.0835164835164835,0.108608058608059,0.0296703296703297,0.121978021978022,0.052014652014652,0.604212454212454
338773.411807,2719866.126422,0.001573564122738,0.025177025963808,0.886703383162864,0.0755310778914241,0.00295043273013375,0.00806451612903226
