"x","y","forest","agri","water","built","other","grass"
172273.411807,2516866.126422,0.0878306878306878,0.0514991181657848,0,0.100529100529101,0.117813051146384,0.642328042328042
172773.411807,2516866.126422,0.044839255499154,0.0549915397631134,0,0.186971235194585,0.147208121827411,0.565989847715736
172273.411807,2516366.126422,0.0425609979820216,0.0658594753256283,0.248578242524307,0.142909557879288,0.108237020730141,0.391854705558613
172773.411807,2516366.126422,0.044825313117996,0.14722039112283,0,0.229839595693254,0.12524719841793,0.452867501647989
172773.411807,2515866.126422,0.186813186813187,0.0393406593406593,0,0.235164835164835,0.157142857142857,0.381538461538462
172773.411807,2515366.126422,0.0466036491536601,0.0316553088590899,0.00901296988349088,0.690921081556386,0.166190371510222,0.055616619037151
172773.411807,2514866.126422,0.02636783124588,0.036255767963085,0.468248736541419,0.349813227862008,0.0771259063941991,0.042188529993408
