"x","y","forest","agri","water","built","other","grass"
313773.411807,2654866.126422,0.22350863422292,0.0180533751962323,0,0.265502354788069,0.120486656200942,0.372448979591837
314273.411807,2654866.126422,0.0868049183336392,0.0267939071389246,0.0267939071389246,0.635162415122041,0.122407781244265,0.102037071022206
313773.411807,2654366.126422,0.094743036484896,0.0339348764221263,0.00470772852098862,0.594350725774814,0.156924284032954,0.115339348764221
314273.411807,2654366.126422,0.0788990825688073,0.0445871559633028,0.00146788990825688,0.610825688073395,0.133577981651376,0.130642201834862
313773.411807,2653866.126422,0.251030421982336,0.0296368989205103,0.00510304219823356,0.29892051030422,0.159960745829244,0.255348380765456
314273.411807,2653866.126422,0.145054945054945,0.0217948717948718,0.0763736263736264,0.408791208791209,0.126007326007326,0.221978021978022
313773.411807,2653366.126422,0.0747645211930926,0.00961538461538462,0.0812401883830455,0.710949764521193,0.0572998430141287,0.0661302982731554
313773.411807,2652366.126422,0,0.0292443572129539,0.641413150147203,0.213935230618253,0.0153091265947007,0.100098135426889
