"x","y","forest","agri","water","built","other","grass"
339273.411807,2721866.126422,0.0893772893772894,0.0395604395604396,0.0333333333333333,0.124908424908425,0.0628205128205128,0.65
338773.411807,2719866.126422,0.000983477576711251,0.00826121164437451,0.892210857592447,0.0810385523210071,0.00491738788355625,0.012588512981904
