"x","y","forest","agri","water","built","other","grass"
313773.411807,2654866.126422,0.22723704866562,0.0374803767660911,0.000392464678178964,0.24607535321821,0.13265306122449,0.35616169544741
314273.411807,2654866.126422,0.0818498807120573,0.0495503762158194,0.0745090842356396,0.533859423747477,0.142594971554414,0.117636263534593
313773.411807,2654366.126422,0.0894468418987838,0.0541388779913692,0.00921930168693605,0.575519811690859,0.165555119654767,0.106120047077285
314273.411807,2654366.126422,0.0695412844036697,0.0555963302752294,0.0205504587155963,0.585504587155963,0.147889908256881,0.120917431192661
313773.411807,2653866.126422,0.237684003925417,0.0845927379784102,0.0149165848871443,0.280667320902846,0.16918547595682,0.212953876349362
314273.411807,2653866.126422,0.136263736263736,0.0380952380952381,0.119230769230769,0.382783882783883,0.114468864468864,0.209157509157509
313773.411807,2653366.126422,0.0771193092621664,0.0457221350078493,0.148547880690738,0.633634222919937,0.04925431711146,0.0457221350078493
313773.411807,2652366.126422,0,0.0630029440628067,0.648086359175662,0.209028459273798,0.00608439646712463,0.0737978410206084
