"x","y","forest","agri","water","built","other","grass"
351273.411807,2767366.126422,0.0458127176104087,0.0335349092908191,0.00769653655854865,0.13230712845886,0.109400769653656,0.671247938427708
351273.411807,2766866.126422,0.358241758241758,0.0371794871794872,0.0241758241758242,0.0946886446886447,0.101831501831502,0.383882783882784
