"x","y","forest","agri","water","built","other","grass"
172273.411807,2516866.126422,0.0776014109347443,0.0402116402116402,0,0.104761904761905,0.100176366843034,0.677248677248677
172773.411807,2516866.126422,0.0406091370558376,0.0308798646362098,0,0.20093062605753,0.150169204737733,0.57741116751269
172273.411807,2516366.126422,0.0482480278847918,0.0513667217024399,0.25536598789213,0.135204549623922,0.0831040176114474,0.426710695285269
172773.411807,2516366.126422,0.035596572181938,0.133816743572841,0,0.225444957152274,0.127224785761371,0.477916941331575
172773.411807,2515866.126422,0.185274725274725,0.0167032967032967,0,0.21978021978022,0.182197802197802,0.396043956043956
172773.411807,2515366.126422,0.0252802813805232,0.010331941085953,0.010991426687184,0.717959991206859,0.199384480105518,0.0360518795339635
172773.411807,2514866.126422,0.017139090309822,0.010107668644254,0.480333992529114,0.373324544056251,0.100417490661393,0.018677213799165
