"x","y","forest","agri","water","built","other","grass"
313273.411807,2795366.126422,0.256099798202165,0.0275178866263071,0.115942028985507,0.185287103283801,0.0341221794166208,0.381031003485599
313273.411807,2794866.126422,0.267216117216117,0.00293040293040293,0,0.00842490842490842,0.017032967032967,0.704395604395604
313273.411807,2794366.126422,0.274527782871814,0.00550155877498625,0,0.0100861910874748,0.0119200440124702,0.697964423253255
313773.411807,2794366.126422,0.179769103903244,0.0377496793109767,0.108118013560564,0.286237859629833,0.0414146967198094,0.346710646875573
313273.411807,2793866.126422,0.410201289818253,0.000195427008012507,0,0.00136798905608755,0.0025405511041626,0.585694743013484
313773.411807,2793866.126422,0.244539781591264,0.00526521060842434,0.0754680187207488,0.130460218408736,0.0232059282371295,0.521060842433697
