"x","y","forest","agri","water","built","other","grass"
198773.411807,2684866.126422,0,0.022389429253074,0.422829877041659,0.459900899247568,0.0655166085520279,0.0293631859056708
198773.411807,2684366.126422,0.00146788990825688,0.334495412844037,0,0.446605504587156,0.168256880733945,0.0491743119266055
198273.411807,2683866.126422,0.0165016501650165,0.0262192885955262,0.483865053171984,0.283828382838284,0.0711404473780711,0.118445177851118
198773.411807,2683866.126422,0.0152014652014652,0.105860805860806,0,0.468498168498168,0.186630036630037,0.223809523809524
198773.411807,2683366.126422,0.0233070288126262,0.102954670581758,0.00568911726922371,0.579372361901266,0.228482290328501,0.0601945311066251
198273.411807,2682866.126422,0,0.0234854550306912,0.230584467574059,0.586335735254871,0.157192420603149,0.00240192153722978
198773.411807,2682866.126422,0.0216577540106952,0.163903743315508,0.053475935828877,0.417914438502674,0.227005347593583,0.116042780748663
