"x","y","forest","agri","water","built","other","grass"
198773.411807,2684866.126422,0.00146815929528354,0.16993943842907,0.440264268673151,0.31969168654799,0.0106441548908057,0.0579922921636998
198773.411807,2684366.126422,0.00660550458715596,0.318899082568807,0.00752293577981651,0.287706422018349,0.0379816513761468,0.341284403669725
198273.411807,2683866.126422,0.0262192885955262,0.188668866886689,0.506417308397506,0.161349468280161,0.0104510451045105,0.106894022735607
198773.411807,2683866.126422,0.0210622710622711,0.384981684981685,0,0.251282051282051,0.0366300366300366,0.306043956043956
198773.411807,2683366.126422,0.0289961460818499,0.264085153239126,0.00734079647641769,0.498807120572582,0.0535878142778491,0.147182969352175
198273.411807,2682866.126422,0,0.2177742193755,0.239925273552175,0.375500400320256,0.0304243394715773,0.136375767280491
198773.411807,2682866.126422,0.0264705882352941,0.279144385026738,0.0561497326203209,0.360427807486631,0.0644385026737968,0.213368983957219
