"x","y","forest","agri","water","built","other","grass"
339273.411807,2721866.126422,0.0855311355311355,0.0509157509157509,0.0186813186813187,0.0838827838827839,0.0721611721611722,0.688827838827839
338773.411807,2719866.126422,0.003147128245476,0.0198662470495673,0.876475216365067,0.0802517702596381,0.00255704169944925,0.0177025963808025
