"x","y","forest","agri","water","built","other","grass"
313273.411807,2795366.126422,0.250045863144377,0.00458631443771785,0.123830489818382,0.188405797101449,0.0366905155017428,0.396441019996331
313273.411807,2794866.126422,0.266300366300366,0.000915750915750916,0,0.00494505494505494,0.0249084249084249,0.702930402930403
313273.411807,2794366.126422,0.274894553456813,0.0590500641848524,0,0.00898587933247754,0.0137538969374656,0.643315606088392
313773.411807,2794366.126422,0.184533626534726,0.0042147700201576,0.101154480483782,0.314458493677845,0.0458127176104087,0.34982591167308
313273.411807,2793866.126422,0.411373851866328,0.485049833887043,0,0,0.00195427008012507,0.101622044166504
313773.411807,2793866.126422,0.246489859594384,0.00682527301092044,0.0635725429017161,0.140405616224649,0.016185647425897,0.526521060842434
