"x","y","forest","agri","water","built","other","grass"
313773.411807,2654866.126422,0.225470957613815,0.00824175824175824,0,0.247056514913658,0.150117739403454,0.369113029827316
314273.411807,2654866.126422,0.0695540466140576,0.0102771150669848,0.0209212699577904,0.604698109744907,0.172325197283905,0.122224261332355
313773.411807,2654366.126422,0.0770890545311887,0.0225578658297372,0.00117693213024716,0.593369948999608,0.199489996076893,0.106316202432326
314273.411807,2654366.126422,0.0590825688073394,0.0174311926605505,0,0.609357798165138,0.18605504587156,0.128073394495413
313773.411807,2653866.126422,0.231795878312071,0.0158979391560353,0.00471050049067713,0.256133464180569,0.227870461236506,0.263591756624141
314273.411807,2653866.126422,0.137179487179487,0.0043956043956044,0.073992673992674,0.415750915750916,0.143772893772894,0.224908424908425
313773.411807,2653366.126422,0.0747645211930926,0.00274725274725275,0.0569073783359498,0.721742543171115,0.0788854003139717,0.0649529042386185
313773.411807,2652366.126422,0,0.00314033366045142,0.614131501472031,0.252011776251227,0.0274779195289499,0.103238469087341
