"x","y","forest","agri","water","built","other","grass"
351273.411807,2767366.126422,0.0461792193512919,0.00494777350192413,0.00623052959501558,0.107201759208356,0.149899212021257,0.685541506322155
351273.411807,2766866.126422,0.338095238095238,0.0111721611721612,0.0141025641025641,0.107875457875458,0.138827838827839,0.38992673992674
