"x","y","forest","agri","water","built","other","grass"
172273.411807,2516866.126422,0.0864197530864197,0.154144620811287,0,0.0659611992945326,0.107583774250441,0.585890652557319
172773.411807,2516866.126422,0.0490693739424704,0.118020304568528,0,0.184856175972927,0.119289340101523,0.528764805414552
172273.411807,2516366.126422,0.0616400660429279,0.126031920748487,0.276279581728123,0.109704641350211,0.0324711062190424,0.393872683911209
172773.411807,2516366.126422,0.0531751263458581,0.202812568666227,0,0.198198198198198,0.0747088551966601,0.471105251593056
172773.411807,2515866.126422,0.211208791208791,0.0672527472527473,0,0.192527472527473,0.153626373626374,0.375384615384615
172773.411807,2515366.126422,0.0481424488898659,0.044625192349967,0.010331941085953,0.696856451967465,0.154319630688063,0.0457243350186854
172773.411807,2514866.126422,0.016699626455724,0.038233355306526,0.481432652164359,0.368929905515271,0.0784442979564931,0.016260162601626
